{
  "swing": {
    "sounds": [
      "swing_1",
      "swing_2",
      "swing_3",
      "swing_4",
      "swing_5",
      "swing_6"
    ],
    "category": "player"
  },
  "lightsaber_swing": {
    "sounds": [
      "lightsaber_swing_1",
      "lightsaber_swing_2",
      "lightsaber_swing_3",
      "lightsaber_swing_4",
      "lightsaber_swing_5",
      "lightsaber_swing_6",
      "lightsaber_swing_7",
      "lightsaber_swing_8",
      "lightsaber_swing_9",
      "lightsaber_swing_10"
    ],
    "category": "player"
  },
  "jump": {
    "sounds": [
      "jump"
    ],
    "category": "player"
  },
  "lightning_stun": {
    "sounds": [
      "lightning_stun1",
      "lightning_stun2",
      "lightning_stun3",
      "lightning_stun4"
    ],
    "category": "player"
  },
  "lightsaber_sithon": {
    "sounds": [
      "lightsaber_sithon1",
      "lightsaber_sithon2",
      "lightsaber_sithon3",
      "lightsaber_sithon4"
    ],
    "category": "player"
  },
  "lightsaber_block": {
    "sounds": [
      "lightsaber_block1",
      "lightsaber_block2",
      "lightsaber_block3", 
      "lightsaber_block4",
      "lightsaber_block5",
      "lightsaber_block6",
      "lightsaber_block7",
      "lightsaber_block8",
      "lightsaber_block9",
      "lightsaber_block10"
    ],
    "category": "player"
  },
  "swing_vader": {
    "sounds": [
      "swing_4",
      "swing_7",
      "swing_8",
      "swing_9"
    ],
    "category": "player"
  },
  "force_push": {
    "sounds": [
      "force_push1",
      "force_push2",
      "force_push3"
    ],
    "category": "player"
  },
  "equip_saber": {
    "sounds": [
      "equip_saber1",
      "equip_saber2",
      "equip_saber3",
      "equip_saber4",
      "equip_saber5",
      "equip_saber6",
      "equip_saber7",
      "equip_saber8"
    ],
    "category": "player"
  },
  "unequip_saber": {
    "sounds": [
      "unequip_saber1",
      "unequip_saber2",
      "unequip_saber3",
      "unequip_saber4",
      "unequip_saber5",
      "unequip_saber6",
      "unequip_saber7",
      "unequip_saber8"
    ],
    "category": "player"
  },
  "idle_red": {
    "sounds": [
      "idle_red1"
    ],
    "category": "player"
  },
  "swing_punch": {
    "sounds": [
      "swing_1",
      "swing_2",
      "swing_3",
      "swing_4",
      "swing_5",
      "swing_6"
    ],
    "category": "player"
  },
  "saber_hit": {
    "sounds": [
      "saber_hit_1",
      "saber_hit_2",
      "saber_hit_3",
      "saber_hit_4",
      "saber_hit_5",
      "saber_hit_6"
    ],
    "category": "player"
  },
  "lightsaber_jedi_off": {
    "sounds": [
      "lightsaber_jedi_off1",
      "lightsaber_jedi_off2",
      "lightsaber_jedi_off3"
    ],
    "category": "player"
  },
  "lightsaber_sith_off": {
    "sounds": [
      "lightsaber_sith_off1",
      "lightsaber_sith_off2",
      "lightsaber_sith_off3"
    ],
    "category": "player"
  },
  "luke_lightsaber_on": {
    "sounds": [
      "luke_lightsaber_on"
    ],
    "category": "player"
  },
  "luke_lightsaber_hum": {
    "sounds": [
      "luke_lightsaber_hum"
    ],
    "category": "player"
  },
  "anakin_lightsaber_on": {
    "sounds": [
      "anakin_on1",
      "anakin_on2",
      "anakin_on3",
      "anakin_on4"
    ],
    "category": "player"
  },
  "blue_lightsaber_on": {
    "sounds": [
      "blue_on1",
      "blue_on2",
      "blue_on3",
      "blue_on4"
    ],
    "category": "player"
  },
  "classicblue_lightsaber_on": {
    "sounds": [
      "classicblue_on1",
      "classicblue_on2",
      "classicblue_on3",
      "classicblue_on4"
    ],
    "category": "player"
  },
  "anakin_lightsaber_hum": {
    "sounds": [
      "anakin_hum"
    ],
    "category": "player"
  },
  "anakin_lightsaber_idle": {
    "sounds": [
      "anakin_idle"
    ],
    "category": "player"
  },
  "vader_lightsaber_hum": {
    "sounds": [
      "vader_lightsaber_hum"
    ],
    "category": "player"
  },
  "vader_lightsaber_on": {
    "sounds": [
      "vader_lightsaber_on1",
      "vader_lightsaber_on2",
      "vader_lightsaber_on3"
    ],
    "category": "player"
  },
  "chargelightning": {
    "sounds": [
      "chargelightning"
    ],
    "category": "player"
  }
}