{
  "swing": {
    "sounds": [
      "swing_1",
      "swing_2",
      "swing_3",
      "swing_4",
      "swing_5",
      "swing_6"
    ],
    "category": "player"
  },
  "swing_punch": {
    "sounds": [
      "swing_1",
      "swing_2",
      "swing_3",
      "swing_4",
      "swing_5",
      "swing_6"
    ],
    "category": "player"
  },
  "saber_hit": {
    "sounds": [
      "saber_hit_1",
      "saber_hit_2",
      "saber_hit_3",
      "saber_hit_4",
      "saber_hit_5",
      "saber_hit_6"
    ],
    "category": "player"
  },
  "lightsaber_jedi_off": {
    "sounds": [
      "lightsaber_jedi_off1",
      "lightsaber_jedi_off2"
    ],
    "category": "player"
  },
  "lightsaber_sith_off": {
    "sounds": [
      "lightsaber_sith_off1",
      "lightsaber_sith_off2"
    ],
    "category": "player"
  },
  "luke_lightsaber_on": {
    "sounds": [
      "luke_lightsaber_on"
    ],
    "category": "player"
  },
  "luke_lightsaber_hum": {
    "sounds": [
      "luke_lightsaber_hum"
    ],
    "category": "player"
  },
  "anakin_lightsaber_on": {
    "sounds": [
      "anakin_lightsaber_on"
    ],
    "category": "player"
  },
  "anakin_lightsaber_hum": {
    "sounds": [
      "anakin_lightsaber_hum"
    ],
    "category": "player"
  },
  "vader_lightsaber_on": {
    "sounds": [
      "vader_lightsaber_on"
    ],
    "category": "player"
  },
  "vader_lightsaber_hum": {
    "sounds": [
      "vader_lightsaber_hum"
    ],
    "category": "player"
  },
  "force_jump": {
    "sounds": [
      "force_jump1",
      "force_jump2",
      "force_jump3",
      "force_jump4",
      "force_jump5",
      "force_jump6"
    ],
    "category": "player"
  },
  "ssjoff": {
    "sounds": [
      "ssjoff"
    ],
    "category": "player"
  },
  "kiloop": {
    "sounds": [
      "kiloop"
    ],
    "category": "player"
  },
  "volandosuave": {
    "sounds": [
      "volandosuave"
    ],
    "category": "player"
  },
  "empezaravolar": {
    "sounds": [
      "empezaravolar"
    ],
    "category": "player"
  },
  "chargelightning": {
    "sounds": [
      "chargelightning"
    ],
    "category": "player"
  },
  "flash": {
    "sounds": [
      "flash1",
      "flash2",
      "flash3",
      "flash4",
      "flash5"
    ],
    "category": "player"
  },
  "zoom": {
    "sounds": [
      "zoom1",
      "zoom2",
      "zoom3"
    ],
    "category": "player"
  },
  "zoomoff": {
    "sounds": [
      "zoomoff"
    ],
    "category": "player"
  },
  "reverserun": {
    "sounds": [
      "reverserun1",
      "reverserun2",
      "reverserun3"
    ],
    "category": "player"
  },
  "reverse": {
    "sounds": [
      "reverse1",
      "reverse2",
      "reverse3"
    ],
    "category": "player"
  },
  "reversequote": {
    "sounds": [
      "null",
      "null",
      "null",
      "null",
      "reversequote",
      "null",
      "null",
      "null",
      "null"
    ],
    "category": "player"
  },
  "reverseoff": {
    "sounds": [
      "reverseoff1",
      "reverseoff2"
    ],
    "category": "player"
  },
  "supersonicpunch": {
    "sounds": [
      "supersonicpunch"
    ],
    "category": "player"
  },
  "flashrun": {
    "sounds": [
      "flashrun1",
      "flashrun2",
      "flashrun3"
    ],
    "category": "player"
  },
  "flashoff": {
    "sounds": [
      "flashoff1",
      "flashoff2",
      "flashoff3"
    ],
    "category": "player"
  },
  "handhit": {
    "sounds": [
      "handhit"
    ],
    "category": "player"
  },
  "handon": {
    "sounds": [
      "handon"
    ],
    "category": "player"
  },
  "handoff": {
    "sounds": [
      "handoff"
    ],
    "category": "player"
  },
  "phase": {
    "sounds": [
      "phase"
    ],
    "category": "player"
  },
  "phasereverse": {
    "sounds": [
      "phasereverse"
    ],
    "category": "player"
  }
}