{
  "swing": {
    "sounds": [
      "swing_1",
      "swing_2",
      "swing_3",
      "swing_4",
      "swing_5",
      "swing_6"
    ],
    "category": "player"
  },
  "swing_dooku": {
    "sounds": [
      "swing_dooku1",
      "swing_dooku2",
      "swing_dooku3",
      "swing_dooku4",
      "swing_dooku5",
      "swing_dooku6", 
      "swing_dooku7",
      "swing_dooku8",
      "swing_dooku9",
      "swing_dooku10"
    ],
    "category": "player"
  },
  "kylo_helmet": {
    "sounds": [
      "helmet_1",
      "helmet_2",
      "helmet_3",
      "helmet_4"
    ],
    "category": "player"
  },
  "lightning_stun": {
    "sounds": [
      "lightning_stun1",
      "lightning_stun2",
      "lightning_stun3",
      "lightning_stun4"
    ],
    "category": "player"
  },
  "dooku_grabsaber": {
    "sounds": [
      "null",
      "null",
      "null",
      "dooku_grabsaber1",
      "null",
      "null",
      "null",
      "dooku_grabsaber2",
      "null",
      "null",
      "null",
      "dooku_grabsaber3",
      "null",
      "null",
      "null",
      "dooku_grabsaber4",
      "null",
      "null",
      "null",
      "dooku_grabsaber5",
      "null",
      "null",
      "null"
    ],
    "category": "player"
  },
  "lightsaber_sithon": {
    "sounds": [
      "lightsaber_sithon1",
      "lightsaber_sithon2",
      "lightsaber_sithon3",
      "lightsaber_sithon4"
    ],
    "category": "player"
  },
  "kylo_lightsaber_on": {
    "sounds": [
      "kylo_on1",
      "kylo_on2",
      "kylo_on3",
      "kylo_on4",
      "kylo_on5",
      "kylo_on6"
    ],
    "category": "player"
  },
  "kylo_lightsaber_off": {
    "sounds": [
      "kylo_off1",
      "kylo_off2",
      "kylo_off3",
      "kylo_off4"
    ],
    "category": "player"
  },
  "lightsaber_block": {
    "sounds": [
      "lightsaber_block1",
      "lightsaber_block2",
      "lightsaber_block3", 
      "lightsaber_block4",
      "lightsaber_block5",
      "lightsaber_block6",
      "lightsaber_block7",
      "lightsaber_block8",
      "lightsaber_block9",
      "lightsaber_block10"
    ],
    "category": "player"
  },
  "swing_vader": {
    "sounds": [
      "swing_4",
      "swing_7",
      "swing_8",
      "swing_9"
    ],
    "category": "player"
  },
  "force_push": {
    "sounds": [
      "force_push1",
      "force_push2",
      "force_push3"
    ],
    "category": "player"
  },
  "kylo_lightsaber_swing": {
    "sounds": [
      "kylo_swing1",
      "kylo_swing2",
      "kylo_swing3",
      "kylo_swing4",
      "kylo_swing5",
      "kylo_swing6",
      "kylo_swing7",
      "kylo_swing8"
    ],
    "category": "player"
  },
  "equip_saber": {
    "sounds": [
      "equip_saber1",
      "equip_saber2",
      "equip_saber3",
      "equip_saber4",
      "equip_saber5",
      "equip_saber6",
      "equip_saber7",
      "equip_saber8"
    ],
    "category": "player"
  },
  "idle_red": {
    "sounds": [
      "idle_red1"
    ],
    "category": "player"
  },
  "kylo_idle": {
    "sounds": [
      "kylo_idle"
    ],
    "category": "player"
  },
  "kylo_hum": {
    "sounds": [
      "kylo_hum"
    ],
    "category": "player"
  },
  "swing_punch": {
    "sounds": [
      "swing_1",
      "swing_2",
      "swing_3",
      "swing_4",
      "swing_5",
      "swing_6"
    ],
    "category": "player"
  },
  "saber_hit": {
    "sounds": [
      "saber_hit_1",
      "saber_hit_2",
      "saber_hit_3",
      "saber_hit_4",
      "saber_hit_5",
      "saber_hit_6"
    ],
    "category": "player"
  },
  "lightsaber_jedi_off": {
    "sounds": [
      "lightsaber_jedi_off1",
      "lightsaber_jedi_off2"
    ],
    "category": "player"
  },
  "lightsaber_sith_off": {
    "sounds": [
      "lightsaber_sith_off1",
      "lightsaber_sith_off2",
      "lightsaber_sith_off3"
    ],
    "category": "player"
  },
  "luke_lightsaber_on": {
    "sounds": [
      "luke_lightsaber_on"
    ],
    "category": "player"
  },
  "luke_lightsaber_hum": {
    "sounds": [
      "luke_lightsaber_hum"
    ],
    "category": "player"
  },
  "anakin_lightsaber_on": {
    "sounds": [
      "anakin_lightsaber_on"
    ],
    "category": "player"
  },
  "anakin_lightsaber_hum": {
    "sounds": [
      "anakin_lightsaber_hum"
    ],
    "category": "player"
  },
  "vader_lightsaber_on": {
    "sounds": [
      "vader_lightsaber_on1",
      "vader_lightsaber_on2",
      "vader_lightsaber_on3"
    ],
    "category": "player"
  },
  "vader_lightsaber_hum": {
    "sounds": [
      "vader_lightsaber_hum"
    ],
    "category": "player"
  },
  "force_jump": {
    "sounds": [
      "force_jump1",
      "force_jump2",
      "force_jump3",
      "force_jump4",
      "force_jump5",
      "force_jump6"
    ],
    "category": "player"
  },
  "ssjoff": {
    "sounds": [
      "ssjoff"
    ],
    "category": "player"
  },
  "kiloop": {
    "sounds": [
      "kiloop"
    ],
    "category": "player"
  },
  "volandosuave": {
    "sounds": [
      "volandosuave"
    ],
    "category": "player"
  },
  "empezaravolar": {
    "sounds": [
      "empezaravolar"
    ],
    "category": "player"
  },
  "chargelightning": {
    "sounds": [
      "chargelightning"
    ],
    "category": "player"
  },
  "flash": {
    "sounds": [
      "flash1",
      "flash2",
      "flash3",
      "flash4",
      "flash5"
    ],
    "category": "player"
  },
  "zoom": {
    "sounds": [
      "zoom1",
      "zoom2",
      "zoom3"
    ],
    "category": "player"
  },
  "zoomoff": {
    "sounds": [
      "zoomoff"
    ],
    "category": "player"
  },
  "reverserun": {
    "sounds": [
      "reverserun1",
      "reverserun2",
      "reverserun3"
    ],
    "category": "player"
  },
  "reverse": {
    "sounds": [
      "reverse1",
      "reverse2",
      "reverse3"
    ],
    "category": "player"
  },
  "reversequote": {
    "sounds": [
      "null",
      "null",
      "null",
      "null",
      "reversequote",
      "null",
      "null",
      "null",
      "null"
    ],
    "category": "player"
  },
  "reverseoff": {
    "sounds": [
      "reverseoff1",
      "reverseoff2"
    ],
    "category": "player"
  },
  "supersonicpunch": {
    "sounds": [
      "supersonicpunch"
    ],
    "category": "player"
  },
  "flashrun": {
    "sounds": [
      "flashrun1",
      "flashrun2",
      "flashrun3"
    ],
    "category": "player"
  },
  "flashoff": {
    "sounds": [
      "flashoff1",
      "flashoff2",
      "flashoff3"
    ],
    "category": "player"
  },
  "handhit": {
    "sounds": [
      "handhit"
    ],
    "category": "player"
  },
  "handon": {
    "sounds": [
      "handon"
    ],
    "category": "player"
  },
  "handoff": {
    "sounds": [
      "handoff"
    ],
    "category": "player"
  },
  "phase": {
    "sounds": [
      "phase"
    ],
    "category": "player"
  },
  "phasereverse": {
    "sounds": [
      "phasereverse"
    ],
    "category": "player"
  }
}