{
  "swing": {
    "sounds": [
      "swing_1",
      "swing_2",
      "swing_3",
      "swing_4",
      "swing_5",
      "swing_6"
    ],
    "category": "player"
  },
  "swing_dooku": {
    "sounds": [
      "swing_dooku1",
      "swing_dooku2",
      "swing_dooku3",
      "swing_dooku4",
      "swing_dooku5",
      "swing_dooku6", 
      "swing_dooku7",
      "swing_dooku8",
      "swing_dooku9",
      "swing_dooku10"
    ],
    "category": "player"
  },
  "lightsaber_swing": {
    "sounds": [
      "lightsaber_swing_1",
      "lightsaber_swing_2",
      "lightsaber_swing_3",
      "lightsaber_swing_4",
      "lightsaber_swing_5",
      "lightsaber_swing_6",
      "lightsaber_swing_7",
      "lightsaber_swing_8",
      "lightsaber_swing_9",
      "lightsaber_swing_10"
    ],
    "category": "player"
  },
  "kylo_helmet": {
    "sounds": [
      "helmet_1",
      "helmet_2",
      "helmet_3",
      "helmet_4"
    ],
    "category": "player"
  },
  "jump": {
    "sounds": [
      "jump"
    ],
    "category": "player"
  },
  "lightning_stun": {
    "sounds": [
      "lightning_stun1",
      "lightning_stun2",
      "lightning_stun3",
      "lightning_stun4"
    ],
    "category": "player"
  },
  "dooku_grabsaber": {
    "sounds": [
      "null",
      "null",
      "null",
      "dooku_grabsaber1",
      "null",
      "null",
      "null",
      "dooku_grabsaber2",
      "null",
      "null",
      "null",
      "dooku_grabsaber3",
      "null",
      "null",
      "null",
      "dooku_grabsaber4",
      "null",
      "null",
      "null",
      "dooku_grabsaber5",
      "null",
      "null",
      "null"
    ],
    "category": "player"
  },
  "lightsaber_sithon": {
    "sounds": [
      "lightsaber_sithon1",
      "lightsaber_sithon2",
      "lightsaber_sithon3",
      "lightsaber_sithon4"
    ],
    "category": "player"
  },
  "kylo_lightsaber_on": {
    "sounds": [
      "kylo_on1",
      "kylo_on2",
      "kylo_on3",
      "kylo_on4",
      "kylo_on5",
      "kylo_on6"
    ],
    "category": "player"
  },
  "kylo_lightsaber_off": {
    "sounds": [
      "kylo_off1",
      "kylo_off2",
      "kylo_off3",
      "kylo_off4"
    ],
    "category": "player"
  },
  "lightsaber_block": {
    "sounds": [
      "lightsaber_block1",
      "lightsaber_block2",
      "lightsaber_block3", 
      "lightsaber_block4",
      "lightsaber_block5",
      "lightsaber_block6",
      "lightsaber_block7",
      "lightsaber_block8",
      "lightsaber_block9",
      "lightsaber_block10"
    ],
    "category": "player"
  },
  "swing_vader": {
    "sounds": [
      "swing_4",
      "swing_7",
      "swing_8",
      "swing_9"
    ],
    "category": "player"
  },
  "force_push": {
    "sounds": [
      "force_push1",
      "force_push2",
      "force_push3"
    ],
    "category": "player"
  },
  "kylo_lightsaber_swing": {
    "sounds": [
      "kylo_swing1",
      "kylo_swing2",
      "kylo_swing3",
      "kylo_swing4",
      "kylo_swing5",
      "kylo_swing6",
      "kylo_swing7",
      "kylo_swing8"
    ],
    "category": "player"
  },
  "equip_saber": {
    "sounds": [
      "equip_saber1",
      "equip_saber2",
      "equip_saber3",
      "equip_saber4",
      "equip_saber5",
      "equip_saber6",
      "equip_saber7",
      "equip_saber8"
    ],
    "category": "player"
  },
  "idle_red": {
    "sounds": [
      "idle_red1"
    ],
    "category": "player"
  },
  "kylo_idle": {
    "sounds": [
      "kylo_idle"
    ],
    "category": "player"
  },
  "kylo_hum": {
    "sounds": [
      "kylo_hum"
    ],
    "category": "player"
  },
  "swing_punch": {
    "sounds": [
      "swing_1",
      "swing_2",
      "swing_3",
      "swing_4",
      "swing_5",
      "swing_6"
    ],
    "category": "player"
  },
  "saber_hit": {
    "sounds": [
      "saber_hit_1",
      "saber_hit_2",
      "saber_hit_3",
      "saber_hit_4",
      "saber_hit_5",
      "saber_hit_6"
    ],
    "category": "player"
  },
  "lightsaber_jedi_off": {
    "sounds": [
      "lightsaber_jedi_off1",
      "lightsaber_jedi_off2"
    ],
    "category": "player"
  },
  "lightsaber_sith_off": {
    "sounds": [
      "lightsaber_sith_off1",
      "lightsaber_sith_off2",
      "lightsaber_sith_off3"
    ],
    "category": "player"
  },
  "luke_lightsaber_on": {
    "sounds": [
      "luke_lightsaber_on"
    ],
    "category": "player"
  },
  "luke_lightsaber_hum": {
    "sounds": [
      "luke_lightsaber_hum"
    ],
    "category": "player"
  },
  "anakin_lightsaber_on": {
    "sounds": [
      "anakin_on1",
      "anakin_on2",
      "anakin_on3",
      "anakin_on4",
      "anakin_on5"
    ],
    "category": "player"
  },
  "anakin_lightsaber_hum": {
    "sounds": [
      "anakin_hum"
    ],
    "category": "player"
  },
  "anakin_lightsaber_idle": {
    "sounds": [
      "anakin_idle"
    ],
    "category": "player"
  },
  "vader_lightsaber_on": {
    "sounds": [
      "vader_lightsaber_on1",
      "vader_lightsaber_on2",
      "vader_lightsaber_on3"
    ],
    "category": "player"
  },
  "volandosuave": {
    "sounds": [
      "volandosuave"
    ],
    "category": "player"
  },
  "empezaravolar": {
    "sounds": [
      "empezaravolar"
    ],
    "category": "player"
  },
  "chargelightning": {
    "sounds": [
      "chargelightning"
    ],
    "category": "player"
  }
}